{"products":[{"id":"0.4355901605238781","qty":1}],"totalPrice":29.989999999999984}